id,friendly_name,url,type,sub_type,keyword_type,keyword_case_type,keyword_value,http_username,http_password,port,interval,timeout,status,create_datetime,logs,all_time_uptime_ratio,lastLogTypeBeforeStartDate
793100447,POD_1001095_BLR-V116,https://appapi.qikpod.com:8989/status/1001095,2,,2,1,Device Up,,,,300,30,2,1669138527,"[{'id': 2816219464, 'type': 2, 'datetime': 1669119299, 'duration': 63903, 'reason': {'code': '999999', 'detail': 'Keyword Found'}}, {'id': 2816212363, 'type': 98, 'datetime': 1669118727, 'duration': 572, 'reason': {'code': 98, 'detail': 'Monitor started'}}]",100.000,{}
793100492,POD_1001098_BLR-J161,https://appapi.qikpod.com:8989/status/1001098,2,,2,1,Device Up,,,,300,30,2,1669138846,"[{'id': 2816216749, 'type': 2, 'datetime': 1669119085, 'duration': 64117, 'reason': {'code': '999999', 'detail': 'Keyword Found'}}, {'id': 2816216524, 'type': 98, 'datetime': 1669119046, 'duration': 39, 'reason': {'code': 98, 'detail': 'Monitor started'}}]",100.000,{}
793100509,POD_1001102_BLR-K848,https://appapi.qikpod.com:8989/status/1001102,2,,2,1,Device Up,,,,300,30,2,1669138968,"[{'id': 2816218287, 'type': 2, 'datetime': 1669119207, 'duration': 63995, 'reason': {'code': '999999', 'detail': 'Keyword Found'}}, {'id': 2816218059, 'type': 98, 'datetime': 1669119168, 'duration': 39, 'reason': {'code': 98, 'detail': 'Monitor started'}}]",100.000,{}
793100494,POD_1001146_BLR-T644,https://appapi.qikpod.com:8989/status/1001146,2,,2,1,Device Up,,,,300,30,2,1669138861,"[{'id': 2816216939, 'type': 2, 'datetime': 1669119099, 'duration': 64103, 'reason': {'code': '999999', 'detail': 'Keyword Found'}}, {'id': 2816216709, 'type': 98, 'datetime': 1669119061, 'duration': 38, 'reason': {'code': 98, 'detail': 'Monitor started'}}]",100.000,{}
793100506,POD_1001160_BLR-U933,https://appapi.qikpod.com:8989/status/1001160,2,,2,1,Device Up,,,,300,30,2,1669138953,"[{'id': 2816218090, 'type': 2, 'datetime': 1669119191, 'duration': 64011, 'reason': {'code': '999999', 'detail': 'Keyword Found'}}, {'id': 2816217909, 'type': 98, 'datetime': 1669119153, 'duration': 38, 'reason': {'code': 98, 'detail': 'Monitor started'}}]",100.000,{}
793100520,POD_1001173_BLR-R411,https://appapi.qikpod.com:8989/status/1001173,2,,2,1,Device Up,,,,300,30,2,1669139029,"[{'id': 2816219023, 'type': 2, 'datetime': 1669119267, 'duration': 63935, 'reason': {'code': '999999', 'detail': 'Keyword Found'}}, {'id': 2816218805, 'type': 98, 'datetime': 1669119228, 'duration': 39, 'reason': {'code': 98, 'detail': 'Monitor started'}}]",100.000,{}
793100489,POD_1001263_BLR-W242,https://appapi.qikpod.com:8989/status/1001263,2,,2,1,Device Up,,,,300,30,2,1669138816,"[{'id': 2816216343, 'type': 2, 'datetime': 1669119055, 'duration': 64147, 'reason': {'code': '999999', 'detail': 'Keyword Found'}}, {'id': 2816216120, 'type': 98, 'datetime': 1669119016, 'duration': 39, 'reason': {'code': 98, 'detail': 'Monitor started'}}]",100.000,{}
793100532,POD_1001296_BLR-Y566,https://appapi.qikpod.com:8989/status/1001296,2,,2,1,Device Up,,,,300,30,2,1669139096,"[{'id': 2816219981, 'type': 2, 'datetime': 1669119335, 'duration': 63867, 'reason': {'code': '999999', 'detail': 'Keyword Found'}}, {'id': 2816219712, 'type': 98, 'datetime': 1669119296, 'duration': 39, 'reason': {'code': 98, 'detail': 'Monitor started'}}]",100.000,{}
793100475,POD_1001418_BLR-G335,https://appapi.qikpod.com:8989/status/1001418,2,,2,1,Device Up,,,,300,30,2,1669138725,"[{'id': 2816215108, 'type': 2, 'datetime': 1669118963, 'duration': 64239, 'reason': {'code': '999999', 'detail': 'Keyword Found'}}, {'id': 2816214889, 'type': 98, 'datetime': 1669118924, 'duration': 39, 'reason': {'code': 98, 'detail': 'Monitor started'}}]",100.000,{}
793100496,POD_1001428_LAB-1428,https://appapi.qikpod.com:8989/status/1001428,2,,2,1,Device Up,,,,300,30,2,1669138877,"[{'id': 2816217172, 'type': 2, 'datetime': 1669119115, 'duration': 64087, 'reason': {'code': '999999', 'detail': 'Keyword Found'}}, {'id': 2816216911, 'type': 98, 'datetime': 1669119076, 'duration': 39, 'reason': {'code': 98, 'detail': 'Monitor started'}}]",100.000,{}
793100526,POD_1001460_BLR-E979,https://appapi.qikpod.com:8989/status/1001460,2,,2,1,Device Up,,,,300,30,2,1669139059,"[{'id': 2816219431, 'type': 2, 'datetime': 1669119297, 'duration': 63905, 'reason': {'code': '999999', 'detail': 'Keyword Found'}}, {'id': 2816219208, 'type': 98, 'datetime': 1669119259, 'duration': 38, 'reason': {'code': 98, 'detail': 'Monitor started'}}]",100.000,{}
793100530,POD_1001484_LAB-1484,https://appapi.qikpod.com:8989/status/1001484,2,,2,1,Device Up,,,,300,30,2,1669139074,"[{'id': 2816219659, 'type': 2, 'datetime': 1669119313, 'duration': 63889, 'reason': {'code': '999999', 'detail': 'Keyword Found'}}, {'id': 2816219397, 'type': 98, 'datetime': 1669119274, 'duration': 39, 'reason': {'code': 98, 'detail': 'Monitor started'}}]",100.000,{}
793100460,POD_1001500_BLR-C474,https://appapi.qikpod.com:8989/status/1001500,2,,2,1,Device Up,,,,300,30,2,1669138602,"[{'id': 2816221172, 'type': 2, 'datetime': 1669119422, 'duration': 63780, 'reason': {'code': '999999', 'detail': 'Keyword Found'}}, {'id': 2816213371, 'type': 98, 'datetime': 1669118802, 'duration': 620, 'reason': {'code': 98, 'detail': 'Monitor started'}}]",100.000,{}
793100470,POD_1001517_BLR-Y434,https://appapi.qikpod.com:8989/status/1001517,2,,2,1,Device Up,,,,300,30,2,1669138678,"[{'id': 2816214536, 'type': 2, 'datetime': 1669118917, 'duration': 64285, 'reason': {'code': '999999', 'detail': 'Keyword Found'}}, {'id': 2816214277, 'type': 98, 'datetime': 1669118878, 'duration': 39, 'reason': {'code': 98, 'detail': 'Monitor started'}}]",100.000,{}
793100454,POD_1001518_BLR-N171,https://appapi.qikpod.com:8989/status/1001518,2,,2,1,Device Up,,,,300,30,2,1669138557,"[{'id': 2816217970, 'type': 2, 'datetime': 1669119179, 'duration': 64023, 'reason': {'code': '999999', 'detail': 'Keyword Found'}}, {'id': 2816212755, 'type': 98, 'datetime': 1669118757, 'duration': 422, 'reason': {'code': 98, 'detail': 'Monitor started'}}]",100.000,{}
793100512,POD_1001543_BLR-R776,https://appapi.qikpod.com:8989/status/1001543,2,,2,1,Device Up,,,,300,30,2,1669138983,"[{'id': 2816218440, 'type': 2, 'datetime': 1669119221, 'duration': 63981, 'reason': {'code': '999999', 'detail': 'Keyword Found'}}, {'id': 2816218246, 'type': 98, 'datetime': 1669119183, 'duration': 38, 'reason': {'code': 98, 'detail': 'Monitor started'}}]",100.000,{}
793100500,POD_1001550_BLR-Q599,https://appapi.qikpod.com:8989/status/1001550,2,,2,1,Device Up,,,,300,30,2,1669138892,"[{'id': 2816217359, 'type': 2, 'datetime': 1669119129, 'duration': 64073, 'reason': {'code': '999999', 'detail': 'Keyword Found'}}, {'id': 2816217140, 'type': 98, 'datetime': 1669119091, 'duration': 38, 'reason': {'code': 98, 'detail': 'Monitor started'}}]",100.000,{}
793100502,POD_1001561_BLR-N114,https://appapi.qikpod.com:8989/status/1001561,2,,2,1,Device Up,,,,300,30,2,1669138922,"[{'id': 2816217779, 'type': 2, 'datetime': 1669119161, 'duration': 64041, 'reason': {'code': '999999', 'detail': 'Keyword Found'}}, {'id': 2816217541, 'type': 98, 'datetime': 1669119122, 'duration': 39, 'reason': {'code': 98, 'detail': 'Monitor started'}}]",100.000,{}
793100443,POD_1001569_BlR-Q144,https://appapi.qikpod.com:8989/status/1001569,2,,2,1,Device Up,,,,300,30,2,1669138496,"[{'id': 2816224325, 'type': 2, 'datetime': 1669119643, 'duration': 63559, 'reason': {'code': '999999', 'detail': 'Keyword Found'}}, {'id': 2816211949, 'type': 98, 'datetime': 1669118696, 'duration': 947, 'reason': {'code': 98, 'detail': 'Monitor started'}}]",100.000,{}
793100518,POD_1001575_KOL-M882,https://appapi.qikpod.com:8989/status/1001575,2,,2,1,Device Up,,,,300,30,2,1669139013,"[{'id': 2816218829, 'type': 2, 'datetime': 1669119251, 'duration': 63951, 'reason': {'code': '999999', 'detail': 'Keyword Found'}}, {'id': 2816218612, 'type': 98, 'datetime': 1669119213, 'duration': 38, 'reason': {'code': 98, 'detail': 'Monitor started'}}]",100.000,{}
793100444,POD_1001577_Godrej,https://appapi.qikpod.com:8989/status/1001577,2,,2,1,Device Up,,,,300,30,2,1669138512,"[{'id': 2816216195, 'type': 2, 'datetime': 1669119043, 'duration': 64159, 'reason': {'code': '999999', 'detail': 'Keyword Found'}}, {'id': 2816212157, 'type': 98, 'datetime': 1669118711, 'duration': 332, 'reason': {'code': 98, 'detail': 'Monitor started'}}]",100.000,{}
793100462,POD_1001586_BOM-H833,https://appapi.qikpod.com:8989/status/1001586,2,,2,1,Device Up,,,,300,30,2,1669138618,"[{'id': 2816218235, 'type': 2, 'datetime': 1669119203, 'duration': 63999, 'reason': {'code': '999999', 'detail': 'Keyword Found'}}, {'id': 2816213545, 'type': 98, 'datetime': 1669118817, 'duration': 386, 'reason': {'code': 98, 'detail': 'Monitor started'}}]",100.000,{}
793100458,POD_1001587_BLR-L246,https://appapi.qikpod.com:8989/status/1001587,2,,2,1,Device Up,,,,300,30,2,1669138587,"[{'id': 2816217077, 'type': 2, 'datetime': 1669119108, 'duration': 64094, 'reason': {'code': '999999', 'detail': 'Keyword Found'}}, {'id': 2816213165, 'type': 98, 'datetime': 1669118787, 'duration': 321, 'reason': {'code': 98, 'detail': 'Monitor started'}}]",100.000,{}
793100451,POD_1001588_BLR-N411,https://appapi.qikpod.com:8989/status/1001588,2,,2,1,Device Up,,,,300,30,2,1669138542,"[{'id': 2816214267, 'type': 2, 'datetime': 1669118898, 'duration': 64304, 'reason': {'code': '999999', 'detail': 'Keyword Found'}}, {'id': 2816212572, 'type': 98, 'datetime': 1669118742, 'duration': 156, 'reason': {'code': 98, 'detail': 'Monitor started'}}]",100.000,{}
793100524,POD_1001623_BLR-T660 ,https://appapi.qikpod.com:8989/status/1001623,2,,2,1,Device Up,,,,300,30,2,1669139044,"[{'id': 2816219221, 'type': 2, 'datetime': 1669119281, 'duration': 63921, 'reason': {'code': '999999', 'detail': 'Keyword Found'}}, {'id': 2816218996, 'type': 98, 'datetime': 1669119244, 'duration': 37, 'reason': {'code': 98, 'detail': 'Monitor started'}}]",100.000,{}
793100515,POD_1001645_HYD-E766,https://appapi.qikpod.com:8989/status/1001645,2,,2,1,Device Up,,,,300,30,2,1669138998,"[{'id': 2816218642, 'type': 2, 'datetime': 1669119237, 'duration': 63965, 'reason': {'code': '999999', 'detail': 'Keyword Found'}}, {'id': 2816218420, 'type': 98, 'datetime': 1669119198, 'duration': 39, 'reason': {'code': 98, 'detail': 'Monitor started'}}]",100.000,{}
793100478,POD_1001646_HYD-U877,https://appapi.qikpod.com:8989/status/1001646,2,,2,1,Device Up,,,,300,30,2,1669138741,"[{'id': 2816215320, 'type': 2, 'datetime': 1669118979, 'duration': 64223, 'reason': {'code': '999999', 'detail': 'Keyword Found'}}, {'id': 2816215078, 'type': 98, 'datetime': 1669118940, 'duration': 39, 'reason': {'code': 98, 'detail': 'Monitor started'}}]",100.000,{}
793100473,POD_1001683_BLR-I020,https://appapi.qikpod.com:8989/status/1001683,2,,2,1,Device Up,,,,300,30,2,1669138709,"[{'id': 2816214910, 'type': 2, 'datetime': 1669118947, 'duration': 64255, 'reason': {'code': '999999', 'detail': 'Keyword Found'}}, {'id': 2816214693, 'type': 98, 'datetime': 1669118909, 'duration': 38, 'reason': {'code': 98, 'detail': 'Monitor started'}}]",100.000,{}
793100565,POD_1001684_BLR-U040,https://appapi.qikpod.com:8989/status/1001684,2,,2,1,Device Up,,,,300,30,2,1669139233,"[{'id': 2816222143, 'type': 2, 'datetime': 1669119471, 'duration': 63731, 'reason': {'code': '999999', 'detail': 'Keyword Found'}}, {'id': 2816221904, 'type': 98, 'datetime': 1669119432, 'duration': 39, 'reason': {'code': 98, 'detail': 'Monitor started'}}]",100.000,{}
793100568,POD_1001688_BLR-O321,https://appapi.qikpod.com:8989/status/1001688,2,,2,1,Device Up,,,,300,30,2,1669139247,"[{'id': 2816222332, 'type': 2, 'datetime': 1669119485, 'duration': 63717, 'reason': {'code': '999999', 'detail': 'Keyword Found'}}, {'id': 2816222103, 'type': 98, 'datetime': 1669119447, 'duration': 38, 'reason': {'code': 98, 'detail': 'Monitor started'}}]",100.000,{}
793100464,POD_1001701_BLR-F111,https://appapi.qikpod.com:8989/status/1001701,2,,2,1,Device Up,,,,300,30,2,1669138633,"[{'id': 2816220173, 'type': 2, 'datetime': 1669119348, 'duration': 63854, 'reason': {'code': '999999', 'detail': 'Keyword Found'}}, {'id': 2816213734, 'type': 98, 'datetime': 1669118833, 'duration': 515, 'reason': {'code': 98, 'detail': 'Monitor started'}}]",100.000,{}
793100485,POD_1001703_BLR-T040,https://appapi.qikpod.com:8989/status/1001703,2,,2,1,Device Up,,,,300,30,2,1669138786,"[{'id': 2816215927, 'type': 2, 'datetime': 1669119023, 'duration': 64179, 'reason': {'code': '999999', 'detail': 'Keyword Found'}}, {'id': 2816215709, 'type': 98, 'datetime': 1669118986, 'duration': 37, 'reason': {'code': 98, 'detail': 'Monitor started'}}]",100.000,{}
793100501,POD_1001705_BLR-V100,https://appapi.qikpod.com:8989/status/1001705,2,,2,1,Device Up,,,,300,30,2,1669138907,"[{'id': 2816217577, 'type': 2, 'datetime': 1669119145, 'duration': 64057, 'reason': {'code': '999999', 'detail': 'Keyword Found'}}, {'id': 2816217336, 'type': 98, 'datetime': 1669119107, 'duration': 38, 'reason': {'code': 98, 'detail': 'Monitor started'}}]",100.000,{}
793100486,POD_1001707_BLR-R100,https://appapi.qikpod.com:8989/status/1001707,2,,2,1,Device Up,,,,300,30,2,1669138801,"[{'id': 2816216141, 'type': 2, 'datetime': 1669119039, 'duration': 64163, 'reason': {'code': '999999', 'detail': 'Keyword Found'}}, {'id': 2816215908, 'type': 98, 'datetime': 1669119001, 'duration': 38, 'reason': {'code': 98, 'detail': 'Monitor started'}}]",100.000,{}
793100545,POD_1001710_BLR-B616,https://appapi.qikpod.com:8989/status/1001710,2,,2,1,Device Up,,,,300,30,2,1669139157,"[{'id': 2816220753, 'type': 2, 'datetime': 1669119395, 'duration': 63807, 'reason': {'code': '999999', 'detail': 'Keyword Found'}}, {'id': 2816220564, 'type': 98, 'datetime': 1669119357, 'duration': 38, 'reason': {'code': 98, 'detail': 'Monitor started'}}]",100.000,{}
793100480,POD_1001747_BLR-B121,https://appapi.qikpod.com:8989/status/1001747,2,,2,1,Device Up,,,,300,30,2,1669138771,"[{'id': 2816215748, 'type': 2, 'datetime': 1669119009, 'duration': 64193, 'reason': {'code': '999999', 'detail': 'Keyword Found'}}, {'id': 2816215485, 'type': 98, 'datetime': 1669118970, 'duration': 39, 'reason': {'code': 98, 'detail': 'Monitor started'}}]",100.000,{}
793100560,POD_1001750_BLR-H321,https://appapi.qikpod.com:8989/status/1001750,2,,2,1,Device Up,,,,300,30,2,1669139218,"[{'id': 2816221935, 'type': 2, 'datetime': 1669119455, 'duration': 63747, 'reason': {'code': '999999', 'detail': 'Keyword Found'}}, {'id': 2816221416, 'type': 98, 'datetime': 1669119417, 'duration': 38, 'reason': {'code': 98, 'detail': 'Monitor started'}}]",100.000,{}
793100455,POD_1001880_BLR-Y188,https://appapi.qikpod.com:8989/status/1001880,2,,2,1,Device Up,,,,300,30,2,1669138572,"[{'id': 2816216284, 'type': 2, 'datetime': 1669119051, 'duration': 64151, 'reason': {'code': '999999', 'detail': 'Keyword Found'}}, {'id': 2816212954, 'type': 98, 'datetime': 1669118772, 'duration': 279, 'reason': {'code': 98, 'detail': 'Monitor started'}}]",100.000,{}
793100491,POD_1001902_ BLR-D333,https://appapi.qikpod.com:8989/status/1001902,2,,2,1,Device Up,,,,300,30,2,1669138831,"[{'id': 2816216542, 'type': 2, 'datetime': 1669119069, 'duration': 64133, 'reason': {'code': '999999', 'detail': 'Keyword Found'}}, {'id': 2816216296, 'type': 98, 'datetime': 1669119031, 'duration': 38, 'reason': {'code': 98, 'detail': 'Monitor started'}}]",100.000,{}
793100548,POD_1001903_ BLR-F177,https://appapi.qikpod.com:8989/status/1001903,2,,2,1,Device Up,,,,300,30,2,1669139172,"[{'id': 2816221000, 'type': 2, 'datetime': 1669119411, 'duration': 63791, 'reason': {'code': '999999', 'detail': 'Keyword Found'}}, {'id': 2816220735, 'type': 98, 'datetime': 1669119372, 'duration': 39, 'reason': {'code': 98, 'detail': 'Monitor started'}}]",100.000,{}
793100552,POD_1001907_BLR-T779,https://appapi.qikpod.com:8989/status/1001907,2,,2,1,Device Up,,,,300,30,2,1669139187,"[{'id': 2816221220, 'type': 2, 'datetime': 1669119425, 'duration': 63777, 'reason': {'code': '999999', 'detail': 'Keyword Found'}}, {'id': 2816220951, 'type': 98, 'datetime': 1669119387, 'duration': 38, 'reason': {'code': 98, 'detail': 'Monitor started'}}]",100.000,{}
793100537,POD_1001908_BLR-M369,https://appapi.qikpod.com:8989/status/1001908,2,,2,1,Device Up,,,,300,30,2,1669139127,"[{'id': 2816220393, 'type': 2, 'datetime': 1669119365, 'duration': 63837, 'reason': {'code': '999999', 'detail': 'Keyword Found'}}, {'id': 2816220162, 'type': 98, 'datetime': 1669119326, 'duration': 39, 'reason': {'code': 98, 'detail': 'Monitor started'}}]",100.000,{}
793100479,POD_1001911_BLR-R011,https://appapi.qikpod.com:8989/status/1001911,2,,2,1,Device Up,,,,300,30,2,1669138756,"[{'id': 2816215507, 'type': 2, 'datetime': 1669118993, 'duration': 64209, 'reason': {'code': '999999', 'detail': 'Keyword Found'}}, {'id': 2816215293, 'type': 98, 'datetime': 1669118955, 'duration': 38, 'reason': {'code': 98, 'detail': 'Monitor started'}}]",100.000,{}
793100466,POD_1001912_BLR-V200,https://appapi.qikpod.com:8989/status/1001912,2,,2,1,Device Up,,,,300,30,2,1669138648,"[{'id': 2816214121, 'type': 2, 'datetime': 1669118887, 'duration': 64315, 'reason': {'code': '999999', 'detail': 'Keyword Found'}}, {'id': 2816213905, 'type': 98, 'datetime': 1669118848, 'duration': 39, 'reason': {'code': 98, 'detail': 'Monitor started'}}]",100.000,{}
793100535,POD_1001922_BLR-B772,https://appapi.qikpod.com:8989/status/1001922,2,,2,1,Device Up,,,,300,30,2,1669139111,"[{'id': 2816220185, 'type': 2, 'datetime': 1669119349, 'duration': 63853, 'reason': {'code': '999999', 'detail': 'Keyword Found'}}, {'id': 2816219946, 'type': 98, 'datetime': 1669119311, 'duration': 38, 'reason': {'code': 98, 'detail': 'Monitor started'}}]",100.000,{}
793100557,POD_1001925_ BLR-P933,https://appapi.qikpod.com:8989/status/1001925,2,,2,1,Device Up,,,,300,30,2,1669139203,"[{'id': 2816221612, 'type': 2, 'datetime': 1669119441, 'duration': 63761, 'reason': {'code': '999999', 'detail': 'Keyword Found'}}, {'id': 2816221188, 'type': 98, 'datetime': 1669119402, 'duration': 39, 'reason': {'code': 98, 'detail': 'Monitor started'}}]",100.000,{}
793100471,POD_1001926_BLR-W555,https://appapi.qikpod.com:8989/status/1001926,2,,2,1,Device Up,,,,300,30,2,1669138694,"[{'id': 2816214714, 'type': 2, 'datetime': 1669118931, 'duration': 64271, 'reason': {'code': '999999', 'detail': 'Keyword Found'}}, {'id': 2816214497, 'type': 98, 'datetime': 1669118893, 'duration': 38, 'reason': {'code': 98, 'detail': 'Monitor started'}}]",100.000,{}
793100468,POD_1001943_BLR-B606,https://appapi.qikpod.com:8989/status/1001943,2,,2,1,Device Up,,,,300,30,2,1669138663,"[{'id': 2816214304, 'type': 2, 'datetime': 1669118901, 'duration': 64301, 'reason': {'code': '999999', 'detail': 'Keyword Found'}}, {'id': 2816214085, 'type': 98, 'datetime': 1669118863, 'duration': 38, 'reason': {'code': 98, 'detail': 'Monitor started'}}]",100.000,{}
793100540,POD_1001944_BLR-N123,https://appapi.qikpod.com:8989/status/1001944,2,,2,1,Device Up,,,,300,30,2,1669139142,"[{'id': 2816220599, 'type': 2, 'datetime': 1669119381, 'duration': 63821, 'reason': {'code': '999999', 'detail': 'Keyword Found'}}, {'id': 2816220373, 'type': 98, 'datetime': 1669119342, 'duration': 39, 'reason': {'code': 98, 'detail': 'Monitor started'}}]",100.000,{}
793100504,POD_1002044_BLR-C101,https://appapi.qikpod.com:8989/status/1002044,2,,2,1,Device Up,,,,300,30,2,1669138937,"[{'id': 2816217917, 'type': 2, 'datetime': 1669119175, 'duration': 64027, 'reason': {'code': '999999', 'detail': 'Keyword Found'}}, {'id': 2816217745, 'type': 98, 'datetime': 1669119137, 'duration': 38, 'reason': {'code': 98, 'detail': 'Monitor started'}}]",100.000,{}
id,friendly_name,url,type,sub_type,keyword_type,keyword_case_type,keyword_value,http_username,http_password,port,interval,timeout,status,create_datetime,logs,all_time_uptime_ratio,lastLogTypeBeforeStartDate
793100580,POD_1001104_BLR-K055,https://appapi.qikpod.com:8989/status/1001104,2,,2,1,Device Up,,,,300,30,2,1669139300,"[{'id': 2816222987, 'type': 2, 'datetime': 1669119537, 'duration': 63687, 'reason': {'code': '999999', 'detail': 'Keyword Found'}}, {'id': 2816222793, 'type': 98, 'datetime': 1669119499, 'duration': 38, 'reason': {'code': 98, 'detail': 'Monitor started'}}]",100.000,{}
793100594,POD_1001141_BLR-Y676,https://appapi.qikpod.com:8989/status/1001141,2,,2,1,Device Up,,,,300,30,2,1669139360,"[{'id': 2816223789, 'type': 2, 'datetime': 1669119599, 'duration': 63625, 'reason': {'code': '999999', 'detail': 'Keyword Found'}}, {'id': 2816223556, 'type': 98, 'datetime': 1669119560, 'duration': 39, 'reason': {'code': 98, 'detail': 'Monitor started'}}]",100.000,{}
793100644,POD_1001149_BLR-Z252,https://appapi.qikpod.com:8989/status/1001149,2,,2,1,Device Up,,,,300,30,2,1669139572,"[{'id': 2816226301, 'type': 2, 'datetime': 1669119809, 'duration': 63415, 'reason': {'code': '999999', 'detail': 'Keyword Found'}}, {'id': 2816226104, 'type': 98, 'datetime': 1669119771, 'duration': 38, 'reason': {'code': 98, 'detail': 'Monitor started'}}]",100.000,{}
793100714,POD_1001159_BLR-C881,https://appapi.qikpod.com:8989/status/1001159,2,,2,1,Device Up,,,,300,30,2,1669139909,"[{'id': 2816230449, 'type': 2, 'datetime': 1669120147, 'duration': 63077, 'reason': {'code': '999999', 'detail': 'Keyword Found'}}, {'id': 2816230214, 'type': 98, 'datetime': 1669120108, 'duration': 39, 'reason': {'code': 98, 'detail': 'Monitor started'}}]",100.000,{}
793100693,POD_1001415_BLR-Q757,https://appapi.qikpod.com:8989/status/1001415,2,,2,1,Device Up,,,,300,30,2,1669139832,"[{'id': 2816229504, 'type': 2, 'datetime': 1669120069, 'duration': 63155, 'reason': {'code': '999999', 'detail': 'Keyword Found'}}, {'id': 2816229288, 'type': 98, 'datetime': 1669120032, 'duration': 37, 'reason': {'code': 98, 'detail': 'Monitor started'}}]",100.000,{}
793100658,POD_1001481_BLR-Z888,https://appapi.qikpod.com:8989/status/1001481,2,,2,1,Device Up,,,,300,30,2,1669139647,"[{'id': 2816227222, 'type': 2, 'datetime': 1669119885, 'duration': 63339, 'reason': {'code': '999999', 'detail': 'Keyword Found'}}, {'id': 2816227021, 'type': 98, 'datetime': 1669119847, 'duration': 38, 'reason': {'code': 98, 'detail': 'Monitor started'}}]",100.000,{}
793100638,POD_1001511_BLR-S999,https://appapi.qikpod.com:8989/status/1001511,2,,2,1,Device Up,,,,300,30,2,1669139541,"[{'id': 2816225949, 'type': 2, 'datetime': 1669119779, 'duration': 63445, 'reason': {'code': '999999', 'detail': 'Keyword Found'}}, {'id': 2816225733, 'type': 98, 'datetime': 1669119741, 'duration': 38, 'reason': {'code': 98, 'detail': 'Monitor started'}}]",100.000,{}
793100606,POD_1001515_BLR-E100,https://appapi.qikpod.com:8989/status/1001515,2,,2,1,Device Up,,,,300,30,2,1669139406,"[{'id': 2816224318, 'type': 2, 'datetime': 1669119643, 'duration': 63581, 'reason': {'code': '999999', 'detail': 'Keyword Found'}}, {'id': 2816224123, 'type': 98, 'datetime': 1669119605, 'duration': 38, 'reason': {'code': 98, 'detail': 'Monitor started'}}]",100.000,{}
793100671,POD_1001516_LAB-1516,https://appapi.qikpod.com:8989/status/1001516,2,,2,1,Device Up,,,,300,30,2,1669139723,"[{'id': 2816228147, 'type': 2, 'datetime': 1669119961, 'duration': 63263, 'reason': {'code': '999999', 'detail': 'Keyword Found'}}, {'id': 2816227925, 'type': 98, 'datetime': 1669119923, 'duration': 38, 'reason': {'code': 98, 'detail': 'Monitor started'}}]",100.000,{}
793100616,POD_1001520_BLR-X113,https://appapi.qikpod.com:8989/status/1001520,2,,2,1,Device Up,,,,300,30,2,1669139451,"[{'id': 2817003301, 'type': 2, 'datetime': 1669179325, 'duration': 3899, 'reason': {'code': '999999', 'detail': 'Keyword Found'}}, {'id': 2816524778, 'type': 1, 'datetime': 1669141225, 'duration': 38100, 'reason': {'code': '888888', 'detail': 'Keyword Not Found'}}, {'id': 2816224864, 'type': 2, 'datetime': 1669119689, 'duration': 21536, 'reason': {'code': '999999', 'detail': 'Keyword Found'}}, {'id': 2816224660, 'type': 98, 'datetime': 1669119651, 'duration': 38, 'reason': {'code': 98, 'detail': 'Monitor started'}}]",40.033,{}
793100710,POD_1001529_BLR-Q332,https://appapi.qikpod.com:8989/status/1001529,2,,2,1,Device Up,,,,300,30,2,1669139894,"[{'id': 2816230243, 'type': 2, 'datetime': 1669120131, 'duration': 63093, 'reason': {'code': '999999', 'detail': 'Keyword Found'}}, {'id': 2816230063, 'type': 98, 'datetime': 1669120093, 'duration': 38, 'reason': {'code': 98, 'detail': 'Monitor started'}}]",100.000,{}
793100700,POD_1001530_BLR-G999,https://appapi.qikpod.com:8989/status/1001530,2,,2,1,Device Up,,,,300,30,2,1669139863,"[{'id': 2816229902, 'type': 2, 'datetime': 1669120101, 'duration': 63123, 'reason': {'code': '999999', 'detail': 'Keyword Found'}}, {'id': 2816229664, 'type': 98, 'datetime': 1669120063, 'duration': 38, 'reason': {'code': 98, 'detail': 'Monitor started'}}]",100.000,{}
793100634,POD_1001547_BLR-H554,https://appapi.qikpod.com:8989/status/1001547,2,,2,1,Device Up,,,,300,30,2,1669139526,"[{'id': 2816225769, 'type': 2, 'datetime': 1669119765, 'duration': 63459, 'reason': {'code': '999999', 'detail': 'Keyword Found'}}, {'id': 2816225543, 'type': 98, 'datetime': 1669119726, 'duration': 39, 'reason': {'code': 98, 'detail': 'Monitor started'}}]",100.000,{}
793100591,POD_1001558_LAB-1558,https://appapi.qikpod.com:8989/status/1001558,2,,2,1,Device Up,,,,300,30,2,1669139345,"[{'id': 2816223586, 'type': 2, 'datetime': 1669119583, 'duration': 63641, 'reason': {'code': '999999', 'detail': 'Keyword Found'}}, {'id': 2816223381, 'type': 98, 'datetime': 1669119545, 'duration': 38, 'reason': {'code': 98, 'detail': 'Monitor started'}}]",100.000,{}
793100583,POD_1001572_HYD-A323,https://appapi.qikpod.com:8989/status/1001572,2,,2,1,Device Up,,,,300,30,2,1669139315,"[{'id': 2816223220, 'type': 2, 'datetime': 1669119553, 'duration': 63671, 'reason': {'code': '999999', 'detail': 'Keyword Found'}}, {'id': 2816222961, 'type': 98, 'datetime': 1669119514, 'duration': 39, 'reason': {'code': 98, 'detail': 'Monitor started'}}]",100.000,{}
793100667,POD_1001573_HYD-U191,https://appapi.qikpod.com:8989/status/1001573,2,,2,1,Device Up,,,,300,30,2,1669139708,"[{'id': 2816227942, 'type': 2, 'datetime': 1669119945, 'duration': 63279, 'reason': {'code': '999999', 'detail': 'Keyword Found'}}, {'id': 2816227728, 'type': 98, 'datetime': 1669119908, 'duration': 37, 'reason': {'code': 98, 'detail': 'Monitor started'}}]",100.000,{}
793100686,POD_1001583_KOL-B877,https://appapi.qikpod.com:8989/status/1001583,2,,2,1,Device Up,,,,300,30,2,1669139784,"[{'id': 2816228889, 'type': 2, 'datetime': 1669120021, 'duration': 63203, 'reason': {'code': '999999', 'detail': 'Keyword Found'}}, {'id': 2816228680, 'type': 98, 'datetime': 1669119983, 'duration': 38, 'reason': {'code': 98, 'detail': 'Monitor started'}}]",100.000,{}
793100620,POD_1001589_BLR-Z123,https://appapi.qikpod.com:8989/status/1001589,2,,2,1,Device Up,,,,300,30,2,1669139466,"[{'id': 2816225048, 'type': 2, 'datetime': 1669119705, 'duration': 63519, 'reason': {'code': '999999', 'detail': 'Keyword Found'}}, {'id': 2816224834, 'type': 98, 'datetime': 1669119666, 'duration': 39, 'reason': {'code': 98, 'detail': 'Monitor started'}}]",100.000,{}
793100692,POD_1001592_BLR-G246,https://appapi.qikpod.com:8989/status/1001592,2,,2,1,Device Up,,,,300,30,2,1669139817,"[{'id': 2816229318, 'type': 2, 'datetime': 1669120055, 'duration': 63169, 'reason': {'code': '999999', 'detail': 'Keyword Found'}}, {'id': 2816229085, 'type': 98, 'datetime': 1669120016, 'duration': 39, 'reason': {'code': 98, 'detail': 'Monitor started'}}]",100.000,{}
793100682,POD_1001595_HYD-F414,https://appapi.qikpod.com:8989/status/1001595,2,,2,1,Device Up,,,,300,30,2,1669139768,"[{'id': 2816228712, 'type': 2, 'datetime': 1669120007, 'duration': 63217, 'reason': {'code': '999999', 'detail': 'Keyword Found'}}, {'id': 2816228494, 'type': 98, 'datetime': 1669119968, 'duration': 39, 'reason': {'code': 98, 'detail': 'Monitor started'}}]",100.000,{}
793100608,POD_1001605_Godrej1,https://appapi.qikpod.com:8989/status/1001605,2,,2,1,Device Up,,,,300,30,2,1669139421,"[{'id': 2816224507, 'type': 2, 'datetime': 1669119659, 'duration': 63565, 'reason': {'code': '999999', 'detail': 'Keyword Found'}}, {'id': 2816224294, 'type': 98, 'datetime': 1669119621, 'duration': 38, 'reason': {'code': 98, 'detail': 'Monitor started'}}]",100.000,{}
793100641,POD_1001608_BOM-S442,https://appapi.qikpod.com:8989/status/1001608,2,,2,1,Device Up,,,,300,30,2,1669139556,"[{'id': 2816226136, 'type': 2, 'datetime': 1669119795, 'duration': 63429, 'reason': {'code': '999999', 'detail': 'Keyword Found'}}, {'id': 2816225926, 'type': 98, 'datetime': 1669119756, 'duration': 39, 'reason': {'code': 98, 'detail': 'Monitor started'}}]",100.000,{}
793100625,POD_1001612_BLR-B654,https://appapi.qikpod.com:8989/status/1001612,2,,2,1,Device Up,,,,300,30,2,1669139481,"[{'id': 2816225226, 'type': 2, 'datetime': 1669119719, 'duration': 63505, 'reason': {'code': '999999', 'detail': 'Keyword Found'}}, {'id': 2816225024, 'type': 98, 'datetime': 1669119681, 'duration': 38, 'reason': {'code': 98, 'detail': 'Monitor started'}}]",100.000,{}
793100578,POD_1001621_BLR-A191,https://appapi.qikpod.com:8989/status/1001621,2,,2,1,Device Up,,,,300,30,2,1669139284,"[{'id': 2816222828, 'type': 2, 'datetime': 1669119523, 'duration': 63701, 'reason': {'code': '999999', 'detail': 'Keyword Found'}}, {'id': 2816222594, 'type': 98, 'datetime': 1669119484, 'duration': 39, 'reason': {'code': 98, 'detail': 'Monitor started'}}]",100.000,{}
793100631,POD_1001622_BLR-I011,https://appapi.qikpod.com:8989/status/1001622,2,,2,1,Device Up,,,,300,30,2,1669139511,"[{'id': 2816225560, 'type': 2, 'datetime': 1669119749, 'duration': 63475, 'reason': {'code': '999999', 'detail': 'Keyword Found'}}, {'id': 2816225369, 'type': 98, 'datetime': 1669119711, 'duration': 38, 'reason': {'code': 98, 'detail': 'Monitor started'}}]",100.000,{}
793100653,POD_1001624_BLR-G556,https://appapi.qikpod.com:8989/status/1001624,2,,2,1,Device Up,,,,300,30,2,1669139617,"[{'id': 2816226842, 'type': 2, 'datetime': 1669119855, 'duration': 63369, 'reason': {'code': '999999', 'detail': 'Keyword Found'}}, {'id': 2816226648, 'type': 98, 'datetime': 1669119817, 'duration': 38, 'reason': {'code': 98, 'detail': 'Monitor started'}}]",100.000,{}
793100630,POD_1001630_HYD-R333,https://appapi.qikpod.com:8989/status/1001630,2,,2,1,Device Up,,,,300,30,2,1669139496,"[{'id': 2816225407, 'type': 2, 'datetime': 1669119735, 'duration': 63489, 'reason': {'code': '999999', 'detail': 'Keyword Found'}}, {'id': 2816225202, 'type': 98, 'datetime': 1669119696, 'duration': 39, 'reason': {'code': 98, 'detail': 'Monitor started'}}]",100.000,{}
793100598,POD_1001668_BLR-K678,https://appapi.qikpod.com:8989/status/1001668,2,,2,1,Device Up,,,,300,30,2,1669139375,"[{'id': 2816223968, 'type': 2, 'datetime': 1669119613, 'duration': 63611, 'reason': {'code': '999999', 'detail': 'Keyword Found'}}, {'id': 2816223745, 'type': 98, 'datetime': 1669119575, 'duration': 38, 'reason': {'code': 98, 'detail': 'Monitor started'}}]",100.000,{}
793100645,POD_1001679_BLR-F772,https://appapi.qikpod.com:8989/status/1001679,2,,2,1,Device Up,,,,300,30,2,1669139587,"[{'id': 2817001905, 'type': 2, 'datetime': 1669179184, 'duration': 4040, 'reason': {'code': '999999', 'detail': 'Keyword Found'}}, {'id': 2816611114, 'type': 1, 'datetime': 1669148584, 'duration': 30600, 'reason': {'code': '888888', 'detail': 'Keyword Not Found'}}, {'id': 2816226495, 'type': 2, 'datetime': 1669119825, 'duration': 28759, 'reason': {'code': '999999', 'detail': 'Keyword Found'}}, {'id': 2816226273, 'type': 98, 'datetime': 1669119786, 'duration': 39, 'reason': {'code': 98, 'detail': 'Monitor started'}}]",51.734,{}
793100572,POD_1001706_BLR-D404,https://appapi.qikpod.com:8989/status/1001706,2,,2,1,Device Up,,,,300,30,2,1669139262,"[{'id': 2816222538, 'type': 2, 'datetime': 1669119501, 'duration': 63723, 'reason': {'code': '999999', 'detail': 'Keyword Found'}}, {'id': 2816222289, 'type': 98, 'datetime': 1669119462, 'duration': 39, 'reason': {'code': 98, 'detail': 'Monitor started'}}]",100.000,{}
793100657,POD_1001714_BLR-I012,https://appapi.qikpod.com:8989/status/1001714,2,,2,1,Device Up,,,,300,30,2,1669139632,"[{'id': 2816227057, 'type': 2, 'datetime': 1669119871, 'duration': 63353, 'reason': {'code': '999999', 'detail': 'Keyword Found'}}, {'id': 2816226819, 'type': 98, 'datetime': 1669119832, 'duration': 39, 'reason': {'code': 98, 'detail': 'Monitor started'}}]",100.000,{}
793100717,POD_1001716_BLR-C999,https://appapi.qikpod.com:8989/status/1001716,2,,2,1,Device Up,,,,300,30,2,1669139924,"[{'id': 2816230610, 'type': 2, 'datetime': 1669120161, 'duration': 63063, 'reason': {'code': '999999', 'detail': 'Keyword Found'}}, {'id': 2816230417, 'type': 98, 'datetime': 1669120124, 'duration': 37, 'reason': {'code': 98, 'detail': 'Monitor started'}}]",100.000,{}
793100726,POD_1001727_BLR-G363,https://appapi.qikpod.com:8989/status/1001727,2,,2,1,Device Up,,,,300,30,2,1669139969,"[{'id': 2816231196, 'type': 2, 'datetime': 1669120207, 'duration': 63017, 'reason': {'code': '999999', 'detail': 'Keyword Found'}}, {'id': 2816230978, 'type': 98, 'datetime': 1669120169, 'duration': 38, 'reason': {'code': 98, 'detail': 'Monitor started'}}]",100.000,{}
793100661,POD_1001728_BLR-P811,https://appapi.qikpod.com:8989/status/1001728,2,,2,1,Device Up,,,,300,30,2,1669139663,"[{'id': 2816227422, 'type': 2, 'datetime': 1669119901, 'duration': 63323, 'reason': {'code': '999999', 'detail': 'Keyword Found'}}, {'id': 2816227217, 'type': 98, 'datetime': 1669119863, 'duration': 38, 'reason': {'code': 98, 'detail': 'Monitor started'}}]",100.000,{}
793100673,POD_1001805_BLR-N231,https://appapi.qikpod.com:8989/status/1001805,2,,2,1,Device Up,,,,300,30,2,1669139738,"[{'id': 2816228361, 'type': 2, 'datetime': 1669119977, 'duration': 63247, 'reason': {'code': '999999', 'detail': 'Keyword Found'}}, {'id': 2816228120, 'type': 98, 'datetime': 1669119938, 'duration': 39, 'reason': {'code': 98, 'detail': 'Monitor started'}}]",100.000,{}
793100588,POD_1001833_BLR-R777,https://appapi.qikpod.com:8989/status/1001833,2,,2,1,Device Up,,,,300,30,2,1669139330,"[{'id': 2816223392, 'type': 2, 'datetime': 1669119567, 'duration': 63657, 'reason': {'code': '999999', 'detail': 'Keyword Found'}}, {'id': 2816223183, 'type': 98, 'datetime': 1669119530, 'duration': 37, 'reason': {'code': 98, 'detail': 'Monitor started'}}]",100.000,{}
793100680,POD_1001905_BLR-M662,https://appapi.qikpod.com:8989/status/1001905,2,,2,1,Device Up,,,,300,30,2,1669139753,"[{'id': 2816228519, 'type': 2, 'datetime': 1669119991, 'duration': 63233, 'reason': {'code': '999999', 'detail': 'Keyword Found'}}, {'id': 2816228322, 'type': 98, 'datetime': 1669119953, 'duration': 38, 'reason': {'code': 98, 'detail': 'Monitor started'}}]",100.000,{}
793100600,POD_1001909_BLR-W111,https://appapi.qikpod.com:8989/status/1001909,2,,2,1,Device Up,,,,300,30,2,1669139390,"[{'id': 2816224160, 'type': 2, 'datetime': 1669119629, 'duration': 63595, 'reason': {'code': '999999', 'detail': 'Keyword Found'}}, {'id': 2816223940, 'type': 98, 'datetime': 1669119590, 'duration': 39, 'reason': {'code': 98, 'detail': 'Monitor started'}}]",100.000,{}
793100665,POD_1001910_BLR-J999,https://appapi.qikpod.com:8989/status/1001910,2,,2,1,Device Up,,,,300,30,2,1669139693,"[{'id': 2816227761, 'type': 2, 'datetime': 1669119931, 'duration': 63293, 'reason': {'code': '999999', 'detail': 'Keyword Found'}}, {'id': 2816227563, 'type': 98, 'datetime': 1669119893, 'duration': 38, 'reason': {'code': 98, 'detail': 'Monitor started'}}]",100.000,{}
793100707,POD_1001914_BLR-H626,https://appapi.qikpod.com:8989/status/1001914,2,,2,1,Device Up,,,,300,30,2,1669139878,"[{'id': 2816230097, 'type': 2, 'datetime': 1669120117, 'duration': 63107, 'reason': {'code': '999999', 'detail': 'Keyword Found'}}, {'id': 2816229872, 'type': 98, 'datetime': 1669120078, 'duration': 39, 'reason': {'code': 98, 'detail': 'Monitor started'}}]",100.000,{}
793100697,POD_1001917_BLR-S161,https://appapi.qikpod.com:8989/status/1001917,2,,2,1,Device Up,,,,300,30,2,1669139848,"[{'id': 2816229686, 'type': 2, 'datetime': 1669120085, 'duration': 63139, 'reason': {'code': '999999', 'detail': 'Keyword Found'}}, {'id': 2816229494, 'type': 98, 'datetime': 1669120047, 'duration': 38, 'reason': {'code': 98, 'detail': 'Monitor started'}}]",100.000,{}
793100663,POD_1001918_BLR-F656,https://appapi.qikpod.com:8989/status/1001918,2,,2,1,Device Up,,,,300,30,2,1669139678,"[{'id': 2816227598, 'type': 2, 'datetime': 1669119917, 'duration': 63307, 'reason': {'code': '999999', 'detail': 'Keyword Found'}}, {'id': 2816227399, 'type': 98, 'datetime': 1669119878, 'duration': 39, 'reason': {'code': 98, 'detail': 'Monitor started'}}]",100.000,{}
793100612,POD_1001919_BLR-T001,https://appapi.qikpod.com:8989/status/1001919,2,,2,1,Device Up,,,,300,30,2,1669139436,"[{'id': 2816224699, 'type': 2, 'datetime': 1669119675, 'duration': 63549, 'reason': {'code': '999999', 'detail': 'Keyword Found'}}, {'id': 2816224481, 'type': 98, 'datetime': 1669119636, 'duration': 39, 'reason': {'code': 98, 'detail': 'Monitor started'}}]",100.000,{}
793100689,POD_1001921_BLR-S033,https://appapi.qikpod.com:8989/status/1001921,2,,2,1,Device Up,,,,300,30,2,1669139802,"[{'id': 2816229113, 'type': 2, 'datetime': 1669120039, 'duration': 63185, 'reason': {'code': '999999', 'detail': 'Keyword Found'}}, {'id': 2816228900, 'type': 98, 'datetime': 1669120001, 'duration': 38, 'reason': {'code': 98, 'detail': 'Monitor started'}}]",100.000,{}
793100734,POD_1001924_BLR-H040,https://appapi.qikpod.com:8989/status/1001924,2,,2,1,Device Up,,,,300,30,2,1669140015,"[{'id': 2817002191, 'type': 2, 'datetime': 1669179212, 'duration': 4012, 'reason': {'code': '999999', 'detail': 'Keyword Found'}}, {'id': 2816523401, 'type': 1, 'datetime': 1669141112, 'duration': 38100, 'reason': {'code': '888888', 'detail': 'Keyword Not Found'}}, {'id': 2816231796, 'type': 2, 'datetime': 1669120253, 'duration': 20859, 'reason': {'code': '999999', 'detail': 'Keyword Found'}}, {'id': 2816231577, 'type': 98, 'datetime': 1669120215, 'duration': 38, 'reason': {'code': 98, 'detail': 'Monitor started'}}]",39.496,{}
793100724,POD_1001932_BLR-A555,https://appapi.qikpod.com:8989/status/1001932,2,,2,1,Device Up,,,,300,30,2,1669139954,"[{'id': 2816231020, 'type': 2, 'datetime': 1669120193, 'duration': 63031, 'reason': {'code': '999999', 'detail': 'Keyword Found'}}, {'id': 2816230802, 'type': 98, 'datetime': 1669120154, 'duration': 39, 'reason': {'code': 98, 'detail': 'Monitor started'}}]",100.000,{}
793100646,POD_1001938_BLR-J007,https://appapi.qikpod.com:8989/status/1001938,2,,2,1,Device Up,,,,300,30,2,1669139602,"[{'id': 2816226692, 'type': 2, 'datetime': 1669119841, 'duration': 63383, 'reason': {'code': '999999', 'detail': 'Keyword Found'}}, {'id': 2816226471, 'type': 98, 'datetime': 1669119802, 'duration': 39, 'reason': {'code': 98, 'detail': 'Monitor started'}}]",100.000,{}
793100721,POD_1001940_BLR-F121,https://appapi.qikpod.com:8989/status/1001940,2,,2,1,Device Up,,,,300,30,2,1669139939,"[{'id': 2816230823, 'type': 2, 'datetime': 1669120177, 'duration': 63047, 'reason': {'code': '999999', 'detail': 'Keyword Found'}}, {'id': 2816230595, 'type': 98, 'datetime': 1669120139, 'duration': 38, 'reason': {'code': 98, 'detail': 'Monitor started'}}]",100.000,{}
793100732,POD_1002002_BLR-K100,https://appapi.qikpod.com:8989/status/1002002,2,,2,1,Device Up,,,,300,30,2,1669140000,"[{'id': 2816231594, 'type': 2, 'datetime': 1669120237, 'duration': 62987, 'reason': {'code': '999999', 'detail': 'Keyword Found'}}, {'id': 2816231375, 'type': 98, 'datetime': 1669120200, 'duration': 37, 'reason': {'code': 98, 'detail': 'Monitor started'}}]",100.000,{}
793100728,POD_1002039_BLR-G717,https://appapi.qikpod.com:8989/status/1002039,2,,2,1,Device Up,,,,300,30,2,1669139984,"[{'id': 2817001995, 'type': 2, 'datetime': 1669179192, 'duration': 4032, 'reason': {'code': '999999', 'detail': 'Keyword Found'}}, {'id': 2816523186, 'type': 1, 'datetime': 1669141092, 'duration': 38100, 'reason': {'code': '888888', 'detail': 'Keyword Not Found'}}, {'id': 2816231414, 'type': 2, 'datetime': 1669120223, 'duration': 20869, 'reason': {'code': '999999', 'detail': 'Keyword Found'}}, {'id': 2816231172, 'type': 98, 'datetime': 1669120184, 'duration': 39, 'reason': {'code': 98, 'detail': 'Monitor started'}}]",39.525,{}
id,friendly_name,url,type,sub_type,keyword_type,keyword_case_type,keyword_value,http_username,http_password,port,interval,timeout,status,create_datetime,logs,all_time_uptime_ratio,lastLogTypeBeforeStartDate
793100766,POD_1001165_BLR-E577,https://appapi.qikpod.com:8989/status/1001165,2,,2,1,Device Up,,,,300,30,2,1669120413,"[{'id': 2816234362, 'type': 2, 'datetime': 1669120451, 'duration': 62794, 'reason': {'code': '999999', 'detail': 'Keyword Found'}}, {'id': 2816234135, 'type': 98, 'datetime': 1669120413, 'duration': 38, 'reason': {'code': 98, 'detail': 'Monitor started'}}]",100.000,{}
793100761,POD_1001238_BLR-A660,https://appapi.qikpod.com:8989/status/1001238,2,,2,1,Device Up,,,,300,30,2,1669120352,"[{'id': 2817001436, 'type': 2, 'datetime': 1669179144, 'duration': 4101, 'reason': {'code': '999999', 'detail': 'Keyword Found'}}, {'id': 2816522650, 'type': 1, 'datetime': 1669141044, 'duration': 38100, 'reason': {'code': '888888', 'detail': 'Keyword Not Found'}}, {'id': 2816233653, 'type': 2, 'datetime': 1669120393, 'duration': 20651, 'reason': {'code': '999999', 'detail': 'Keyword Found'}}, {'id': 2816233378, 'type': 98, 'datetime': 1669120352, 'duration': 41, 'reason': {'code': 98, 'detail': 'Monitor started'}}]",39.381,{}
793100757,POD_1001279_BLR-J443,https://appapi.qikpod.com:8989/status/1001279,2,,2,1,Device Up,,,,300,30,2,1669120337,"[{'id': 2817002111, 'type': 2, 'datetime': 1669179204, 'duration': 4041, 'reason': {'code': '999999', 'detail': 'Keyword Found'}}, {'id': 2816523319, 'type': 1, 'datetime': 1669141104, 'duration': 38100, 'reason': {'code': '888888', 'detail': 'Keyword Not Found'}}, {'id': 2816233408, 'type': 2, 'datetime': 1669120376, 'duration': 20728, 'reason': {'code': '999999', 'detail': 'Keyword Found'}}, {'id': 2816233171, 'type': 98, 'datetime': 1669120337, 'duration': 39, 'reason': {'code': 98, 'detail': 'Monitor started'}}]",39.398,{}
793100754,POD_1001293_BLR-H677 ,https://appapi.qikpod.com:8989/status/1001293,2,,2,1,Device Up,,,,300,30,2,1669120322,"[{'id': 2817003461, 'type': 2, 'datetime': 1669179342, 'duration': 3903, 'reason': {'code': '999999', 'detail': 'Keyword Found'}}, {'id': 2816524978, 'type': 1, 'datetime': 1669141242, 'duration': 38100, 'reason': {'code': '888888', 'detail': 'Keyword Not Found'}}, {'id': 2816233203, 'type': 2, 'datetime': 1669120360, 'duration': 20882, 'reason': {'code': '999999', 'detail': 'Keyword Found'}}, {'id': 2816232961, 'type': 98, 'datetime': 1669120322, 'duration': 38, 'reason': {'code': 98, 'detail': 'Monitor started'}}]",39.413,{}
793100770,POD_1001422_BLR-U242,https://appapi.qikpod.com:8989/status/1001422,2,,2,1,Device Up,,,,300,30,2,1669120428,"[{'id': 2817001018, 'type': 2, 'datetime': 1669179107, 'duration': 4138, 'reason': {'code': '999999', 'detail': 'Keyword Found'}}, {'id': 2816522224, 'type': 1, 'datetime': 1669141007, 'duration': 38100, 'reason': {'code': '888888', 'detail': 'Keyword Not Found'}}, {'id': 2816238449, 'type': 2, 'datetime': 1669120745, 'duration': 20262, 'reason': {'code': '999999', 'detail': 'Keyword Found'}}, {'id': 2816234542, 'type': 1, 'datetime': 1669120445, 'duration': 300, 'reason': {'code': '888888', 'detail': 'Keyword Not Found'}}, {'id': 2816234327, 'type': 98, 'datetime': 1669120428, 'duration': 17, 'reason': {'code': 98, 'detail': 'Monitor started'}}]",38.854,{}
793100750,POD_1001536_BLR-F344,https://appapi.qikpod.com:8989/status/1001536,2,,2,1,Device Up,,,,300,30,2,1669120307,"[{'id': 2817000546, 'type': 2, 'datetime': 1669179069, 'duration': 4176, 'reason': {'code': '999999', 'detail': 'Keyword Found'}}, {'id': 2816521790, 'type': 1, 'datetime': 1669140969, 'duration': 38100, 'reason': {'code': '888888', 'detail': 'Keyword Not Found'}}, {'id': 2816233040, 'type': 2, 'datetime': 1669120348, 'duration': 20621, 'reason': {'code': '999999', 'detail': 'Keyword Found'}}, {'id': 2816232773, 'type': 98, 'datetime': 1669120307, 'duration': 41, 'reason': {'code': 98, 'detail': 'Monitor started'}}]",39.425,{}
793100747,POD_1001584_BOM-N272,https://appapi.qikpod.com:8989/status/1001584,2,,2,1,Device Up,,,,300,30,2,1669120292,"[{'id': 2817002363, 'type': 2, 'datetime': 1669179228, 'duration': 4017, 'reason': {'code': '999999', 'detail': 'Keyword Found'}}, {'id': 2816523598, 'type': 1, 'datetime': 1669141128, 'duration': 38100, 'reason': {'code': '888888', 'detail': 'Keyword Not Found'}}, {'id': 2816232817, 'type': 2, 'datetime': 1669120331, 'duration': 20797, 'reason': {'code': '999999', 'detail': 'Keyword Found'}}, {'id': 2816232574, 'type': 98, 'datetime': 1669120291, 'duration': 40, 'reason': {'code': 98, 'detail': 'Monitor started'}}]",39.441,{}
793100746,POD_1001620_BLR-W500,https://appapi.qikpod.com:8989/status/1001620,2,,2,1,Device Up,,,,300,30,2,1669120276,"[{'id': 2817001459, 'type': 2, 'datetime': 1669179146, 'duration': 4099, 'reason': {'code': '999999', 'detail': 'Keyword Found'}}, {'id': 2816522665, 'type': 1, 'datetime': 1669141046, 'duration': 38100, 'reason': {'code': '888888', 'detail': 'Keyword Not Found'}}, {'id': 2816232589, 'type': 2, 'datetime': 1669120313, 'duration': 20733, 'reason': {'code': '999999', 'detail': 'Keyword Found'}}, {'id': 2816232358, 'type': 98, 'datetime': 1669120275, 'duration': 38, 'reason': {'code': 98, 'detail': 'Monitor started'}}]",39.458,{}
793100779,POD_1001647_BLR-C456,https://appapi.qikpod.com:8989/status/1001647,2,,2,1,Device Up,,,,300,30,2,1669120562,"[{'id': 2816236397, 'type': 2, 'datetime': 1669120601, 'duration': 62644, 'reason': {'code': '999999', 'detail': 'Keyword Found'}}, {'id': 2816236137, 'type': 98, 'datetime': 1669120562, 'duration': 39, 'reason': {'code': 98, 'detail': 'Monitor started'}}]",100.000,{}
793100745,POD_1001677_BLR-J777,https://appapi.qikpod.com:8989/status/1001677,2,,2,1,Device Up,,,,300,30,2,1669120261,"[{'id': 2817001643, 'type': 2, 'datetime': 1669179162, 'duration': 4083, 'reason': {'code': '999999', 'detail': 'Keyword Found'}}, {'id': 2816522898, 'type': 1, 'datetime': 1669141066, 'duration': 38096, 'reason': {'code': '888888', 'detail': 'Keyword Not Found'}}, {'id': 2816232402, 'type': 2, 'datetime': 1669120299, 'duration': 20767, 'reason': {'code': '999999', 'detail': 'Keyword Found'}}, {'id': 2816232140, 'type': 98, 'datetime': 1669120260, 'duration': 39, 'reason': {'code': 98, 'detail': 'Monitor started'}}]",39.478,{}
793100765,POD_1001682_BLR-H002,https://appapi.qikpod.com:8989/status/1001682,2,,2,1,Device Up,,,,300,30,2,1669120398,"[{'id': 2816234152, 'type': 2, 'datetime': 1669120435, 'duration': 62810, 'reason': {'code': '999999', 'detail': 'Keyword Found'}}, {'id': 2816233988, 'type': 98, 'datetime': 1669120397, 'duration': 38, 'reason': {'code': 98, 'detail': 'Monitor started'}}]",100.000,{}
793100764,POD_1001829_BLR-P222,https://appapi.qikpod.com:8989/status/1001829,2,,2,1,Device Up,,,,300,30,2,1669120383,"[{'id': 2817002890, 'type': 2, 'datetime': 1669179283, 'duration': 3962, 'reason': {'code': '999999', 'detail': 'Keyword Found'}}, {'id': 2816524269, 'type': 1, 'datetime': 1669141183, 'duration': 38100, 'reason': {'code': '888888', 'detail': 'Keyword Not Found'}}, {'id': 2816234024, 'type': 2, 'datetime': 1669120421, 'duration': 20762, 'reason': {'code': '999999', 'detail': 'Keyword Found'}}, {'id': 2816233777, 'type': 98, 'datetime': 1669120382, 'duration': 39, 'reason': {'code': 98, 'detail': 'Monitor started'}}]",39.354,{}
793100741,POD_1001835_BLR-0777,https://appapi.qikpod.com:8989/status/1001835,2,,2,1,Device Up,,,,300,30,2,1669120246,"[{'id': 2817002723, 'type': 2, 'datetime': 1669179266, 'duration': 3979, 'reason': {'code': '999999', 'detail': 'Keyword Found'}}, {'id': 2816524054, 'type': 1, 'datetime': 1669141166, 'duration': 38100, 'reason': {'code': '888888', 'detail': 'Keyword Not Found'}}, {'id': 2816232171, 'type': 2, 'datetime': 1669120283, 'duration': 20883, 'reason': {'code': '999999', 'detail': 'Keyword Found'}}, {'id': 2816231942, 'type': 98, 'datetime': 1669120245, 'duration': 38, 'reason': {'code': 98, 'detail': 'Monitor started'}}]",39.487,{}
793100739,POD_1001916_BR-L555,https://appapi.qikpod.com:8989/status/1001916,2,,2,1,Device Up,,,,300,30,2,1669120230,"[{'id': 2817000908, 'type': 2, 'datetime': 1669179097, 'duration': 4148, 'reason': {'code': '999999', 'detail': 'Keyword Found'}}, {'id': 2816522118, 'type': 1, 'datetime': 1669140997, 'duration': 38100, 'reason': {'code': '888888', 'detail': 'Keyword Not Found'}}, {'id': 2816231981, 'type': 2, 'datetime': 1669120269, 'duration': 20728, 'reason': {'code': '999999', 'detail': 'Keyword Found'}}, {'id': 2816231751, 'type': 98, 'datetime': 1669120230, 'duration': 39, 'reason': {'code': 98, 'detail': 'Monitor started'}}]",39.501,{}
793100762,POD_1002034_BLR-X020,https://appapi.qikpod.com:8989/status/1002034,2,,2,1,Device Up,,,,300,30,2,1669120367,"[{'id': 2816233804, 'type': 2, 'datetime': 1669120405, 'duration': 62840, 'reason': {'code': '999999', 'detail': 'Keyword Found'}}, {'id': 2816233570, 'type': 98, 'datetime': 1669120367, 'duration': 38, 'reason': {'code': 98, 'detail': 'Monitor started'}}]",100.000,{}
